{"train_loss": [0.1814168118299269, 0.11515367372992531, 0.10262541867809184, 0.09435871362352367, 0.08790935156838386], "val_loss": [0.11604001579340548, 0.12999340297095477, 0.10016744508221745, 0.11941760694235563, 0.08909855729714036], "train_acc": [0.9245615570194627, 0.9550744384304803, 0.9597869973374668, 0.9628620357754472, 0.9655620695258691], "val_acc": [0.95225, 0.94575, 0.962, 0.95925, 0.96375]}