{"train_loss": [0.1765, 0.0955, 0.0472, 0.03903, 0.07924984456832355, 0.07258995061030696, 0.0690818146554948, 0.05011673042505909, 0.04576262842856953, 0.045116357696186805], "train_acc": [0.9283741046763084, 0.9525994074925936, 0.961562019525244, 0.9660870760884511, 0.9696996212452655, 0.9720246503081288, 0.9736621707771347, 0.9812372654658184, 0.9829997874973437, 0.9829747871848398]}
