{"train_loss": [0.569637445384264, 0.4200078418314457, 0.390425419652462, 0.37043946095108987, 0.3600080884516239], "val_loss": [0.4615801605582237, 0.414351555749774, 0.3836786473095417, 0.3583907151520252, 0.3700775186866522], "train_acc": [0.6754625000000001, 0.8036000000000001, 0.8213250000000001, 0.83345, 0.8400625], "val_acc": [0.7741250000000001, 0.805125, 0.8310000000000001, 0.83925, 0.8326250000000001]}