{"train_loss": [0.17650419016791385, 0.11871837916477801, 0.09949688300612197, 0.08729590831370815, 0.07924984456832355, 0.07258995061030696, 0.0690818146554948, 0.05011673042505909, 0.04576262842856953, 0.045116357696186805], "val_loss": [0.14481385569646954, 0.09395043794438243, 0.0945722255576402, 0.07844138813891914, 0.08149986289907246, 0.09239717965712771, 0.07057586410222574, 0.05249111844855361, 0.05538659137563082, 0.051947847618255764], "train_acc": [0.9283741046763084, 0.9525994074925936, 0.961562019525244, 0.9660870760884511, 0.9696996212452655, 0.9720246503081288, 0.9736621707771347, 0.9812372654658184, 0.9829997874973437, 0.9829747871848398], "val_acc": [0.9395, 0.96525, 0.9625, 0.968125, 0.9676250000000001, 0.96375, 0.9752500000000001, 0.979125, 0.976875, 0.9792500000000001]}