{"train_loss": [0.667228564953804, 0.643044930768013, 0.6259615911126136, 0.6154970321416855, 0.6060869831442833, 0.5933444734454155, 0.5825567528128623, 0.5582093672633172, 0.5515713802456855, 0.5481209519267082], "val_loss": [0.6405778470039367, 0.6344216876029968, 0.6124233281612397, 0.607882845401764, 0.597112689614296, 0.6201269340515136, 0.7002727929353714, 0.5496946008205413, 0.5439525061845779, 0.5414540715217591], "train_acc": [0.60335, 0.6412125000000001, 0.6564375, 0.6630250000000001, 0.6673875, 0.6740375000000001, 0.6812750000000001, 0.6979375, 0.7018375, 0.7049625], "val_acc": [0.650625, 0.651625, 0.672125, 0.662875, 0.684125, 0.686625, 0.6138750000000001, 0.70475, 0.7085, 0.70775]}