{"train_loss": [0.6048759789586067, 0.3428765461176634, 0.2877124097585678, 0.26721236586421726, 0.25504558540582656], "val_loss": [0.4173167899250984, 0.2955682275444269, 0.28008795127272607, 0.2507180629521608, 0.25871028687059877], "train_acc": [0.6253000000000001, 0.848075, 0.8797, 0.8909750000000001, 0.8976625], "val_acc": [0.803875, 0.874375, 0.88125, 0.9031250000000001, 0.89625]}