{"train_loss": [0.6466270627975463, 0.5821259642601013, 0.5638384516716003, 0.5496913052558899, 0.5460282921791076, 0.5366338685512543, 0.5297378688812255, 0.5082224287033081, 0.49623430995941165, 0.4956472044944763], "val_loss": [0.654837028503418, 0.5599843368530274, 0.5577815804481506, 0.5245819268226624, 0.5209898629188537, 0.5240307564735412, 0.5239318447113037, 0.4927236955165863, 0.4995341453552246, 0.48447878861427307], "train_acc": [0.6469, 0.7234, 0.7396, 0.7518, 0.7506, 0.76, 0.7612, 0.7786000000000001, 0.7864, 0.7854], "val_acc": [0.6475, 0.7425, 0.7335, 0.7665000000000001, 0.7595000000000001, 0.762, 0.766, 0.7755, 0.7615000000000001, 0.7775]}