{"train_loss": [0.5652985657453538, 0.15627150882035493, 0.09326026516593992, 0.06888018921390175, 0.05328014165908098], "val_loss": [0.16737921476364137, 0.11215584628283977, 0.05233953290618956, 0.08595289200544358, 0.06742661759257317], "train_acc": [0.71125, 0.9425, 0.9655, 0.972, 0.98075], "val_acc": [0.945, 0.9525, 0.985, 0.96, 0.98]}