{"train_loss": [0.3874560770153999, 0.2947971361041069, 0.25740521589666604, 0.23118772912472488, 0.21611359509304165, 0.20463283808007837, 0.19678106424957514, 0.1643195785097778, 0.15208046759217977, 0.14776701661795377], "val_loss": [0.3541702385544777, 0.2597742261514068, 0.26794653733074664, 0.2356023806631565, 0.2166565331891179, 0.2275598798468709, 0.2923048467049375, 0.16126193593349308, 0.1592855000020936, 0.1591774340462871], "train_acc": [0.823775, 0.8793500000000001, 0.8973875, 0.9091750000000001, 0.9171125, 0.9224875, 0.9242875, 0.940825, 0.9464875, 0.9468375], "val_acc": [0.847, 0.896, 0.891875, 0.909, 0.918625, 0.9095, 0.8845000000000001, 0.941875, 0.9430000000000001, 0.940875]}