{"train_loss": [0.12792166809737682, 0.08300223837688099, 0.0760658167319838, 0.06907238745871873, 0.0660058146722149, 0.0615294130726048, 0.05977146241717273, 0.04006951585292118, 0.036318793488464146, 0.03421982779302489], "val_loss": [0.07160876873551751, 0.09332568382075988, 0.05828565923590213, 0.05485505220340565, 0.06209666815539822, 0.056781392802367915, 0.06815804377524182, 0.03695998819413944, 0.037453307948846486, 0.03588174416682159], "train_acc": [0.9485375, 0.966975, 0.969875, 0.9735875, 0.9742375000000001, 0.9754250000000001, 0.9767125000000001, 0.9848875, 0.9857875, 0.98695], "val_acc": [0.97375, 0.9576250000000001, 0.97775, 0.978375, 0.976875, 0.977875, 0.975, 0.9845, 0.98575, 0.986]}