{"train_loss": [0.43067362939715387, 0.24312697070538997, 0.21578519199192525, 0.2001340360622853, 0.18923652716167272], "val_loss": [0.3590844710469246, 0.22834404829517008, 0.22207162839919328, 0.20348649417841808, 0.20601805440336465], "train_acc": [0.769425, 0.9021250000000001, 0.916675, 0.923775, 0.928625], "val_acc": [0.852625, 0.910625, 0.912625, 0.925, 0.9217500000000001]}