{"train_loss": [0.5825509608149528, 0.5268163386821747, 0.4718804973959923, 0.3807516024529934, 0.347726392018795, 0.3313644638955593, 0.3196102197885513, 0.2819987884759903, 0.27114728906154634, 0.2659057610303164], "val_loss": [0.5844361348152161, 0.5272350717782974, 0.4196313103139401, 0.375483165204525, 0.3436852295845747, 0.35151525247097015, 0.3601934053897858, 0.289757461739704, 0.284714209953323, 0.28264584877341986], "train_acc": [0.722425, 0.762575, 0.7825000000000001, 0.8266625000000001, 0.8457375, 0.8553125, 0.8633875000000001, 0.8822500000000001, 0.8881875, 0.8912875], "val_acc": [0.76225, 0.761375, 0.797, 0.833, 0.848, 0.846875, 0.8472500000000001, 0.87775, 0.878375, 0.882125]}