{"train_loss": [0.1766, 0.1177, 0.0984, 0.0862, 0.0742, 0.07258, 0.0696, 0.0499, 0.0458, 0.0452], "val_loss": [0.2396, 0.1217, 0.0982, 0.0962, 0.0692, 0.07054, 0.0686, 0.0482, 0.0486, 0.0439], "train_acc": [0.9284, 0.9528, 0.9615, 0.9661, 0.9685, 0.9720, 0.9726, 0.9812, 0.9819, 0.9821], "val_acc": [0.9240, 0.9421, 0.9614, 0.9633, 0.9689, 0.9622, 0.9736, 0.9852, 0.9859, 0.9871]}
