{"train_loss": [0.7058016209125518, 0.6116133597970009, 0.5316345165967942, 0.5060158430457116, 0.4938390011906624], "val_loss": [0.6875407545566559, 0.5716491087675094, 0.57464512860775, 0.5001935865879059, 0.49306770676374434], "train_acc": [0.5119375, 0.6485000000000001, 0.7196250000000001, 0.7418625, 0.75095], "val_acc": [0.5650000000000001, 0.676625, 0.6855, 0.7458750000000001, 0.756375]}