{"train_loss": [0.12546998351011426, 0.08654987892480567, 0.07284537365986034, 0.06337526877014897, 0.05887756688059308, 0.054701585848303515, 0.05261757106099976, 0.03939237943033222, 0.0367314783736947, 0.035008546191762434], "val_loss": [0.07049975333549083, 0.10506163135380484, 0.05454660983910435, 0.061039451949298384, 0.04781098873843439, 0.04534458445105702, 0.05435678919800557, 0.03489250354276737, 0.034939078771392816, 0.032909976454742716], "train_acc": [0.9489625, 0.9655625000000001, 0.9716625000000001, 0.9754, 0.9771375, 0.9787750000000001, 0.9800500000000001, 0.9850500000000001, 0.9862125, 0.9867625000000001], "val_acc": [0.972125, 0.9560000000000001, 0.979, 0.975375, 0.980125, 0.981625, 0.9782500000000001, 0.9862500000000001, 0.985375, 0.98675]}